{"cameraMode":{"drawMode":0,"name":"Shaded","section":"Shading Mode"},"sceneLighting":true,"audioPlay":false,"sceneViewState":{"m_AlwaysRefresh":false,"showFog":true,"showSkybox":true,"showFlares":true,"showImageEffects":true,"showParticleSystems":true,"showVisualEffectGraphs":true,"m_FxEnabled":true},"in2DMode":false,"pivot":{"x":335.3400573730469,"y":40.096824645996097,"z":103.5409164428711},"rotation":{"x":0.2172258198261261,"y":-0.05506959557533264,"z":0.012289131991565228,"w":0.9745712280273438},"size":0.8660253882408142,"orthographic":false}