{"cameraMode":{"drawMode":0,"name":"Shaded","section":"Shading Mode"},"sceneLighting":true,"audioPlay":false,"sceneViewState":{"m_AlwaysRefresh":false,"showFog":true,"showSkybox":false,"showFlares":true,"showImageEffects":true,"showParticleSystems":true,"showVisualEffectGraphs":true,"m_FxEnabled":true},"in2DMode":false,"pivot":{"x":698.8472290039063,"y":1.1816036701202393,"z":-41.045230865478519},"rotation":{"x":-0.13767245411872865,"y":0.42773234844207766,"z":-0.06608859449625015,"w":-0.8909340500831604},"size":3.8477325439453127,"orthographic":false}